Bokmål,Nynorsk,Engelsk,Merknad
abelsk gruppe,abelsk gruppe,abelian group,
abelsk kategori,abelsk kategori,abelian category,
abelsk varietet,abelsk varietet,abelian variety,
abelsk,abelsk,abelian,
abscisse,abscisse,abscissa,
absolutt integrerbar,absolutt integrerbar,absolutely integrable,
absolutt konvergens,absolutt konvergens,absolute convergence,
absoluttverdi/tallverdi,absoluttverdi/talverdi,absolute value,
additiv kategori,additiv kategori,additive category,
additivt identitetselement,additivt identitetselement,additive identity element,
adjungert matrise,adjungert matrise,adjoint matrix,
adjungert par,adjungert par,adjoint pair,
adjungert,adjungert,adjoint,
adjunksjonsrom/pålimingsrom,adjunksjonsrom/pålimingsrom,attaching space,
affin algebraisk varietet,affin algebraisk varietet,affine algebraic variety,
affin varietet,affin varietet,affine variety,
affin,affin,affine,
akse,akse,axis,
aksiom,aksiom,axiom,
algebra,algebra,algebra,
algebraisk gruppe,algebraisk gruppe,algebraic group,
algebraisk lukket,algebraisk lukka,algebraically closed,
algebraisk multiplisitet,algebraisk multiplisitet,algebraic multiplicity,
algebraisk struktur,algebraisk struktur,algebraic structure,
algebraisk tallkropp,algebraisk talkropp,algebraic number field,
algebraisk utvidelse,algebraisk utviding,algebraic extension,
algebraisk,algebraisk,algebraic,"Ordklasse: adjektiv"
algebraisk,algebraisk,algebraically,"Ordklasse: adverb"
algoritme,algoritme,algorithm,
allkvantor,allkvantor,universal quantifier,
alternativ hypotese,alternativ hypotese,alternative hypothesis,
alternerende,alternerande,alternating,
amplitude,amplitude,amplitude,
analyse,analyse,analysis,
analytisk funksjon,analytisk funksjon,analytic function,
analytisk,analytisk,analytic,
andel,del,proportion,
andrederivert,andrederivert,second derivative,
andregradslikning,andregradslikning,quadratic equation,
annihilator,annihilator,annihilator,
annihilere,annihilere,annihilate,
ANOVA,ANOVA,ANOVA,"ANOVA er en forkortelse for variansanalyse, og stammer fra <i>analysis of variance</i>."
antipode,antipode,antipode,
approksimasjon/tilnærming,approksimasjon/tilnærming,approximation,
areal,areal,area,
argument,argument,argument,
aritmetikk,aritmetikk,arithmetic,"Ordklasse: substantiv"
aritmetisk,aritmetisk,arithmetic,"Ordklasse: adjektiv"
Artin-Rees-lemmaet,Artin-Rees-lemmaet,Artin-Rees lemma,
artinsk modul,artinsk modul,Artinian module,
artinsk ring,artinsk ring,Artinian ring,
artinsk,artinsk,Artinian,
arvelig algebra/hereditær algebra,arveleg algebra/hereditær algebra,hereditary algebra,
arvelig kategori/hereditær kategori,arveleg kategori/hereditær kategori,hereditary category,
arvelig ring/hereditær ring,arveleg ring/hereditær ring,hereditary ring,
assosiativ,assosiativ,associative,
assosiert gradert ring,assosiert gradert ring,associated graded ring,
assosiert primideal,assosiert primideal,associated prime,
asymptote,asymptote,asymptote,
asymptotisk,asymptotisk,asymptotic,
atlas,atlas,atlas,
autokorrelasjon,autokorrelasjon,autocorrelation,
automorfi,automorfi,automorphism,
autoregresjon,autoregresjon,autoregression,
avbilde,avbilde,map,"Ordklasse: verb"
avbildning,avbilding,map/mapping,"Ordklasse: substantiv"
avbildningskjegle,avbildingskjegle,mapping cone,
avbildningsrom,avbildingsrom,mapping space,
avgjørbar,avgjerbar,decidable,
avgjørbarhet,avgjerbarheit,decidability,
avhengig variabel,avhengig variabel,dependent variable,
avhengighet,avhengnad,dependence,
avtagende,minkande,decreasing,
avvik,avvik,deviation,
avvikende observasjon,avvikande observasjon,outlier,
avvikende observasjon/utligger,avvikande observasjon/utliggjar,outlier,
ball,ball,ball,
banachrom,banachrom,Banach space,
bane,bane,orbit,
banerom,banerom,orbit space,
barysentriske koordinater,barysentriske koordinatar,barycentric coordinates,
basal algebra,basal algebra,basic algebra,"Oversettelsen gjelder bruk i representasjonsteori, og utelukker ikke at termen kan benyttes ulikt i andre sammenhenger."
basis,basis,base,"De engelske termene <i>base</i> og <i>basis</i> brukes ikke helt synonymt. For eksempel vil <i>base</i> foretrekkes i topologi, mens <i>basis</i> brukes i lineær algebra. Merk at begge oversettes til basis på norsk."
basis,basis,basis,"De engelske termene <i>base</i> og <i>basis</i> brukes ikke helt synonymt. For eksempel vil <i>base</i> foretrekkes i topologi, mens <i>basis</i> brukes i lineær algebra. Merk at begge oversettes til basis på norsk."
basiselement,basiselement,base element,"De engelske termene <i>base</i> og <i>basis</i> brukes ikke helt synonymt. For eksempel vil <i>base</i> foretrekkes i topologi, mens <i>basis</i> brukes i lineær algebra. Merk at begge oversettes til basis på norsk."
basiselement,basiselement,basis element,"De engelske termene <i>base</i> og <i>basis</i> brukes ikke helt synonymt. For eksempel vil <i>base</i> foretrekkes i topologi, mens <i>basis</i> brukes i lineær algebra. Merk at begge oversettes til basis på norsk."
basisrom,basisrom,base space,
Bayes' setning/Bayes' teorem,Bayes' setning/Bayes' teorem,Bayes' theorem,
bayesiansk,bayesiansk,Bayesian,
bayesisk,bayesisk,bayesian,
begrensning,avgrensing,bound,
beregnbar,bereknbar,computable,
beregnbarhet,bereknbarheit,computability,
beskrivende statistikk/deskriptiv statistikk,beskrivande statistikk/deskriptiv statistikk/skildrande statistikk,descriptive statistics,
bestemt integral,bestemt integral,definite integral,
betinget forventning,vilkårsbunden forventing,conditional expectation,
betinget konvergens,vilkårsbunden konvergens,conditional convergence,
betinget sannsynlighet,vilkårsbunde sannsyn,conditional probability,
bijeksjon,bijeksjon,bijection,"Synonym: én-til-én-korrespondanse"
bijektiv,bijektiv,bijective,
bilde,bilete,image,
bilineær form,bilineær form,bilinear form,
bilineær,bilineær,bilinear,
binom,binom,binomial,"Ordklasse: substantiv"
binomialfordeling/binomisk fordeling,binomialfordeling/binomisk fordeling,binomial distribution,
binomialformelen,binomialformelen,binomial formula,
binomialkoeffisient,binomialkoeffisient,binomial coefficient,
binomialteoremet,binomialteoremet,binomial theorem,
binomialutvidelse,binomialutviding,binomial expansion,
binomisk sannsynlighetsfordeling,binomisk sannsynsfordeling,binomial probability distribution,
binomisk,binomisk,binomial,"Ordklasse: adjektiv"
binær,binær,binary,
binæroperasjon,binæroperasjon,binary operation,
biprodukt,biprodukt,biproduct,
bivariat fordeling,bivariat fordeling,bivariate distribution,
blandet partiellderivert,blanda partiellderivert,mixed partial derivative,
blokkdelt matrise,blokkdelt matrise,partitioned matrix,
blokkdiagonal matrise,blokkdiagonal matrise,block diagonal matrix,
blokkmatrise,blokkmatrise,block matrix,
boksplott,boksplott,box plot,
bokstopologi,bokstopologi,box topology,
boltzmannfordeling,boltzmannfordeling, Boltzmann distribution,
boolsk,boolsk,Boolean,
brennpunkt,brennpunkt,focus,
briggsk logaritme,briggsk logaritme,base ten logarithm/common logarithm,"Briggsk logaritme kalles noen ganger <i>Briggsian logarithm</i> på engelsk, og den norske oversettelsen stammer fra dette."
brownsk bevegelse,brownsk rørsle,Brownian motion,
bruddent ideal/brøkideal,brote ideal/brøkideal,fractional ideal,
brøk,brøk,fraction,
brøkkropp,brøkkropp,field of fractions,
brøkmodul,brøkmodul,module of fractions,
brøkring,brøkring,ring of fractions,
bue,boge,arc,
buelengde,bogelengd,arclength,
bunt,bunt,bundle,
båndmatrise,bandmatrise,band matrix,
bølgelengde,bølgjelengd,wavelength,
bølgelikning,bølgjelikning,wave equation,
Cauchy-Riemann-likningene,Cauchy-Riemann-likningane,Cauchy-Riemann equations,
cauchyfølge,cauchyfølgje,Cauchy sequence,
cellekompleks,cellekompleks,cell complex,
cellulær homologi,cellulær homologi,cellular homology,
Cohen-Macaulay-modul,Cohen-Macaulay-modul,Cohen-Macaulay module,
Cohen-Macaulay-ring,Cohen-Macaulay-ring,Cohen-Macaulay ring,
cosekans,cosekans,cosecant,
cosinus,cosinus,cosine,
cosinusrekke,cosinusrekkje,cosine series,
cotangens,cotangens,cotangent,
Cramers regel,Cramers regel,Cramer's rule,
CW-kompleks,CW-kompleks,CW complex,
defekt,defekt,defect,
definisjonsområde,definisjonsområde,domain,
deformasjonsretraksjon,deformasjonsretraksjon,deformation retraction,
deformasjonsretrakt,deformasjonsretrakt,deformation retract,
dekomponerbar,dekomponerbar,decomposable,
dekomponere,dekomponere,decompose,
delbrøk,delbrøk,partial fraction,
delbrøkoppspalting,delbrøkoppspalting,partial fraction decomposition,
delfølge,delfølgje,subsequence,
delhypotese,delhypotese,subhypothesis,
delmengde,delmengd,subset,
deloverdekning,deloverdekking,subcover/subcovering,
delsamling,delsamling,subcollection,
delsum,delsum,partial sum,
delvis integrasjon,delvis integrasjon,integration by parts,
delvis ordnet mengde,delvis ordna mengd,partially ordered set,"Delvis ordnet mengde forkortes ofte til pomengde (bokmål) og pomengd (nynorsk)."
derivasjon,derivasjon,derivation,"De engelske termene <i>derivation</i> og <i>differentiation</i> er ikke synonymer, selv om begge oversettes til det samme på norsk. En derivasjon er en en lineæravbildning som tilfredsstiller Leibniz' regel."
derivasjon,derivasjon,differentiation,"De engelske termene derivation og differentiation er ikke synonymer, selv om begge oversettes til det samme på norsk. <i>Differentiation</i> brukes om det å derivere en funksjon."
deriverbar,deriverbar,differentiable,
derivere,derivere,differentiate,
derivert funktor,derivert funktor,derived functor,
derivert kategori,derivert kategori,derived category,
derivert,derivert,derivative,
determinant,determinant,determinant,
diagonaliserbar,diagonaliserbar,diagonalizable,
diagonalisere,diagonalisere,diagonalize,
diagonalisering,diagonalisering,diagonalization,
diffeomorfi,diffeomorfi,diffeomorphism,
differensial,differensial,differential,
differensialgeometri,differensialgeometri,differential geometry,
differensiallikning,differensiallikning,differential equation,
differensialoperator,differensialoperator,differential operator,
differenslikning,differenslikning,difference equation,
diffusjon,diffusjon,diffusion,
dimensjon,dimensjon,dimension,
dimensjonal,dimensjonal,dimensional,
dimensjonsskift,dimensjonsskift,dimension shift,
Diracs deltafunksjon,Diracs deltafunksjon, Dirac's delta function,
direkte grense,direkte grense,direct limit,
direkte produkt,direkte produkt,direct product,
direkte sum,direkte sum,direct sum,
direkte summand,direkte summand,direct summand,
direkte system,direkte system,direct system,
disjunksjon,disjunksjon,disjunction,
disjunkt union,disjunkt union,disjoint union,
disjunkt,disjunkt,disjoint,
disk,disk,disc,
diskontinuerlig,diskontinuerleg,discontinuous,
diskret topologi,diskret topologi,discrete topology,
diskret valuasjon,diskret valuasjon,discrete valuation,
diskret valuasjonsring,diskret valuasjonsring,discrete valuation ring,
diskret,diskret,discrete,
diskriminant,diskriminant,discriminant,
distribusjon,distribusjon,distribution,
distributiv,distributiv,distributive,
divergens,divergens,divergence,
divergent,divergent,divergent,
divergere,divergere,diverge,
divisjonsalgebra,divisjonsalgebra,division algebra,
divisjonsring,divisjonsring,division ring,
dobbeltderivert,dobbelderivert,double derivative,
dobbeltintegral,dobbelintegral,double integral,
dobbeltkompleks,dobbelkompleks,double complex,
dodekaeder,dodekaeder,dodecahedron,
domene,domene,domain,
dualbasis,dualbasis,dual basis,
dualitet,dualitet,duality,
dualrom,dualrom,dual space,
dynkindiagram,dynkindiagram,Dynkin diagram,
egenfunksjon,eigenfunksjon,eigenfunction,
egenrom,eigenrom,eigenspace,
egenvektor,eigenvektor,eigenvector,
egenverdi,eigenverdi,eigenvalue,
Eisensteins kriterium,Eisensteins kriterium,Eisenstein’s criterion,
eksakt funktor,eksakt funktor,exact functor,
eksakt følge,eksakt følgje,exact sequence,
eksisjon,eksisjon,exision,
eksistenskvantor,eksistenskvantor,existential quantifier,
eksponent,eksponent,exponent,
eksponentialfunksjon,eksponentialfunksjon,exponential function,
eksponentialregresjon/eksponentiell regresjon,eksponentialregresjon/eksponentiell regresjon,exponential regression,
eksponentiell vekst,eksponentiell vekst,exponential growth,
eksponentiell,eksponentiell,exponential,"Ordklasse: adjektiv <br> Uttale: [eksponentsie´l:]"
eksponentielt,eksponentielt,exponentially,"Ordklasse: adverb <br> Uttale: [eksponentsie´lt]"
ekstremalpunkt,ekstremalpunkt,extremum,
ekstremalverdi,ekstremalverdi,extremum,
ekte delmengde,ekte delmengd,proper subset,
ekte inklusjon/streng inklusjon,ekte inklusjon/streng inklusjon,strict inclusion,
ekte undergruppe,ekte undergruppe,proper subgroup,
ekte undermodul,ekte undermodul,proper submodule,
ekvikontinuerlig,ekvikontinuerleg,equicontinuous,
ekvivalens,ekvivalens,equivalence,
ekvivalensklasse,ekvivalensklasse,equivalence class,
ekvivalensrelasjon,ekvivalensrelasjon,equivalence relation,
ekvivalent,ekvivalent,equivalent,
element,element,element,
elementær matrise,elementær matrise,elementary matrix,
elementærtensor,elementærtensor,elementary tensor,
ellipse,ellipse,ellipse,
ellipsoide,ellipsoide,ellipsoid,
elliptisk,elliptisk,elliptic,
én-til-én,éin-til-éin,one-to-one,"Synonym: injektiv"
én-til-én-korrespondanse,éin-til-éin-korrespondanse,one-to-one correspondence,"Synonym: bijeksjon"
endelig algebraisk utvidelse,endeleg algebraisk utviding,finite algebraic extension,
endelig gruppe,endeleg gruppe,finite group,
endelig kropp,endeleg kropp,finite field,
endelig lengde,endeleg lengd,finite length,
endelig representasjonstype,endeleg representasjonstype,finite representation type,
endeligdimensjonal,endelegdimensjonal,finite-dimensional,
endeligdimensjonalt vektorrom,endelegdimensjonalt vektorrom,finite-dimensional vector space,
endeliggenerert,endeleggenerert,finitely generated,
endomorfi,endomorfi,endomorphism,
endomorfiring,endomorfiring,endomorphism ring,
endringsrate,endringsrate,rate of change,
enhet,eining,unit,
enhetsgruppe,einingsgruppe,group of units,
enhetspartisjon,einingspartisjon,partition of unity,
enhetsrot,einingsrot,root of unity,
enhetssirkel,einingssirkel,unit circle,
enhetsvektor,einingsvektor,unit vector,
enkeltsammenhengende,enkeltsamanhengande,simply connected,
ensidig test,einsidig test,one sided test/single tailed test,
ensidig,einsidig,one-sided,
entydig faktorisering,eintydig faktorisering,unique factorization,
entydig faktoriseringsområde,eintydig faktoriseringsområde,unique factorization domain,"Entydig faktoriseringsområde forkortes ofte til UFD."
entydig,eintydig,unique,
epimorfi,epimorfi,epimorphism,
ergodeteori,ergodeteori,ergodic theory,
essensiell epimorfi,essensiell epimorfi,essential epimorphism,
essensiell monomorfi,essensiell monomorfi,essential monomorphism,
essensiell undermodul,essensiell undermodul,essential submodule,
essensielt surjektiv,essensielt surjektiv,essentially surjective,
estimat,estimat,estimate,
estimator,estimator,estimator,
ettpunktskompaktifisering,eittpunktskompaktifisering,one-point compactification,
ettutvalgstest,eittutvalstest,one-sample test,
euklidsk område,euklidsk område,Euclidean domain,
euklidsk,euklidsk,Euclidean,
evalueringshomomorfi,evalueringshomomorfi,evaluation homomorphism,
F-fordeling,F-fordeling,F-distribution/variance ratio distribution,
F-test,F-test,F-test/variance ratio test,
faktor,faktor,factor,
faktorgruppe,faktorgruppe,factor group,
faktormodul,faktormodul,factor module,
faktorring,faktorring,factor ring,
fakultet,fakultet,factorial,
fangens dilemma,fangedilemmaet,prisoner's dilemma,
fase,fase,phase,
feil,feil,error,
feilmargin/feiltoleranse,feilmargin/feiltoleranse,margin of error,
felt,felt,field,"Merk at oversettelsen av <i>field</i> er avhengig av kontekst. Oversettelsen felt brukes for eksempel i forbindelse med vektorfelt."
femlemmaet,femlemmaet,five lemma,
femtegradslikning,femtegradslikning,quintic equation,
Fermats siste sats,Fermats siste sats,Fermat's Last Theorem,
fikspunkt,fikspunkt,fixed point,
filter,filter,filter,
filtrering,filtrering,filtration,
finere topologi,finare topologi,finer topology,
Fittings lemma,Fittings lemma,Fitting's lemma,
flat modul,flat modul,flat module,
fluks,fluks,flux,
flyt,flyt,flow,
folding/konvolusjon,falding/konvolusjon,convolution,
foldingsintegral/konvolusjonsintegral,faldingsintegral/konvolusjonsintegral,convolution integral,
forbindelsesaksiom,forbindelsesaksiom,incidence axiom,
forbindelsesgeometri,forbindelsesgeometri,incidence geometry,
fordeling,fordeling,distribution,
forfining,forfining,refinement,
forhold,forhold,ratio,
forholdstesten,forholdstesten,ratio test,
forkastning,forkasting,rejection,
forkastningsnivå/signifikansnivå,forkastingsnivå/signifikansnivå,level of significance/significance level,
forkastningsområde,forkastingsområde,critical region,
formel,formel,formula,
formodning,førehandstru,conjecture,
fornyelsesteoremet,fornyingsteoremet,renewal theorem,
fornyelsesteori,fornyingsteori,renewal theory,
forsøksplan,forsøksplan,design,"Oversettelsen gjelder bruk i statistikk, og utelukker ikke at termen kan benyttes ulikt i andre sammenhenger."
fortegn,forteikn,sign,
forventning,forventing,expectation,
forventningsrett,forventingsrett,unbiased,"Ordklasse: adjektiv"
forventningsskjev,forventingsskeiv,biased,
forventningsskjevhet,forventingsskeivskap,bias,
forventningsverdi,forventingsverdi,expected value/mean,
fourierkoeffisient,fourierkoeffisient,Fourier coefficient,
fourierrekke,fourierrekkje,Fourier series,
fouriertransformasjon,fouriertransformasjon,Fourier transform,
fraktal,fraktal,fractal,
fraktil,fraktil,fractile,
frekvens,frekvens,frequency,
fri modul,fri modul,free module,
fri oppløsning,fri oppløysing,free resolution,
frihetsgrad,fridomsgrad,degree of freedom,
fritt produkt,fritt produkt,free product,
full funktor,full funktor,full functor,
full underkategori,full underkategori,full subcategory,
fullstendig regulært rom,fullstendig regulært rom,completely regular space,
fundamentalgruppe,fundamentalgruppe,fundamental group,
fundamentalperiode,fundamentalperiode,fundamental period,
funksjon,funksjon,function,
funksjonal,funksjonal,functional,
funksjonalanalyse,funksjonalanalyse,functional analysis,
funksjonsrom,funksjonsrom,function space,
funktor,funktor,functor,
funktoriell egenskap,funktoriell eigenskap,functorial property,
funktoriell,funktoriell,functorial,
følge,følgje,sequence,
galoisteori,galoisteori,Galois theory,
gammafordeling,gammafordeling,gamma distribution,
gausseliminasjon,gausseliminasjon,Gaussian elimination,
gaussfordeling/normalfordeling,gaussfordeling/normalfordeling,Gaussian distribution/normal distribution,
gaussisk heltall,gaussisk heiltal,Gaussian integer,
gaussisk,gaussisk,Gaussian,
generalisert sannsynlighetsforhold,generalisert sannsynsforhold,generalized likelihood ratio,
generator,generator,generator,
generert,generert,generated,
genus,genus,genus,
geometri,geometri,geometry,
geometrisk fordeling,geometrisk fordeling,geometric distribution,
geometrisk multiplisitet,geometrisk multiplisitet,geometric multiplicity,
geometrisk sted,geometrisk stad,locus,
geometrisk,geometrisk,geometric,
gjennomsnittsavvik,gjennomsnittsavvik,mean deviation,
gjensidig utelukkende,gjensidig utelukkande,mutually exclusive,"Gjensidig utelukkende hendelser kan også omtales som disjunkte."
glatt,glatt,smooth,
glidespeiling,glidespegling,glide reflection,
global egenskap,global eigenskap,global property,
globaldimensjon,globaldimensjon,global dimension,
godtakingsområde,godtakingsområde,acceptance region,
gorensteinring,gorensteinring,Gorenstein ring,
grad,grad,degree,
gradert modul,gradert modul,graded module,
gradert ring,gradert ring,graded ring,
gradert,gradert,graded,
gradient,gradient,gradient,
gradskivepostulatet/vinkelmålspostulatet,gradskivepostulatet/vinkelmålspostulatet,protractor postulate,
graf,graf,graph,
grense,grense,limit,
grensepunkt,grensepunkt,limit point,
grensepunktkompakt,grensepunktkompakt,limit point compact,
grenseverdi,grenseverdi,limit,
grothendieckgruppe,grothendieckgruppe,Grothendieck group,
grovere topologi,grovare topologi,coarser topology,
gruppe,gruppe,group,
gruppealgebra,gruppealgebra,group algebra,
gruppehomomorfi,gruppehomomorfi,group homomorphism,
gruppering,gruppering,group ring,
gruppeskjema,gruppeskjema,group scheme,
gruppestruktur,gruppestruktur,group structure,
gruppevirkning,gruppeverknad,group action,
gruppoide,gruppoide,groupoid,
harmonisk funksjon,harmonisk funksjon,harmonic function,
harmonisk,harmonisk,harmonic,
hausdorffrom,hausdorffrom,Hausdorff space,
heksaeder,heksaeder,hexahedron,
hel funksjon,heil funksjon,entire function,
hel,heil,entire,
helavslutning/heltallstillukning,heilavslutning/heiltalstillukking,integral closure,
helavsluttet/heltallslukket,heilavslutta/heiltalslukka,integrally closed,
heliks,heliks,helix,
helt element,heilt element,integral element,
heltall,heiltal,integer,
heltallsavhengighet,heiltalsavhengnad,integral dependence,
heltallsområde/integritetsområde,heiltalsområde/integritetsområde,integral domain,"Begge oversettelsene brukes på norsk, men heltallsområde (bokmål) og heiltalsområde (nynorsk) anbefales."
heltallsring,heiltalsring,ring of integers,
heltallsutvidelse,heiltalsutviding,integral extension,
hermitisk matrise,hermitisk matrise,Hermitian matrix,
hessedeterminant,hessedeterminant,Hessian determinant,"Hessedeterminant kalles ofte bare <i>Hessian</i> på engelsk."
hessematrise,hessematrise,Hessian matrix,"Hessematrise kalles ofte bare <i>Hessian</i> på engelsk."
hesteskolemmaet,hesteskolemmaet,horseshoe lemma,
heterogen,heterogen,heterogeneous,
heteroskedastisk,heteroskedastisk,heteroscedastic,
hilbertfunksjon,hilbertfunksjon,Hilbert function,
hilbertrom,hilbertrom,Hilbert space,
Hilberts basisteorem,Hilberts basisteorem,Hilbert's basis theorem,
Hilberts nullpunktssats,Hilberts nullpunktssats,Hilbert's Nullstellensatz,
histogram,histogram,histogram,
hjørne,hjørne,vertex,
holomorf funksjon,holomorf funksjon,holomorphic function,
homeomorf,homeomorf,homeomorphic,
homeomorfi,homeomorfi,homeomorphism,
homogen,homogen,homogeneous,
homogent likningssystem,homogent likningssystem,homogeneous system of equations,
homolog,homolog,homologous,
homologi,homologi,homology,
homologigruppe,homologigruppe,homology group,
homomorf,homomorf,homomorphic,
homomorfi,homomorfi,homomorphism,
homomorft bilde,homomorft bilete,homomorphic image,
homoskedastisk,homoskedastisk,homoscedastic,
homotop,homotop,homotopic,
homotopi,homotopi,homotopy,
homotopiekvivalens,homotopiekvivalens,homotopy equivalence,
homotopigruppe,homotopigruppe,homotopy group,
homotopiinvers,homotopiinvers,homotopy inverse,
homotopikategori,homotopikategori,homotopy category,
homotopiklasse,homotopiklasse,homotopy class,
homotopisk,homotopisk,homotopical,
homotopitype,homotopitype,homotopy type,
hoveddiagonal,hovuddiagonal,main diagonal,
hovedideal,hovudideal,principal ideal,
hovedidealgruppe,hovudidealgruppe,group of principal fractional ideals,
hovedidealområde,hovudidealområde,principal ideal domain,"Hovedidealområde forkortes ofte til PID."
hyperbel,hyperbel,hyperbola,
hyperboloide,hyperboloide,hyperboloid,
hyperbolsk,hyperbolsk,hyperbolic,
hyperflate,hyperflate,hypersurface,
hypergeometrisk fordeling,hypergeometrisk fordeling,hypergeometric distribution,
hypergeometrisk sannsynlighetsfordeling,hypergeometrisk sannsynsfordeling,hypergeometric probability distribution,
hyperplan,hyperplan,hyperplane,
hypotenus,hypotenus,hypotenuse,
hypotese,hypotese,hypothesis,
hypotesetest,hypotesetest,test of hypothesis,
hypotesetesting,hypotesetesting,hypothesis testing,
hyppighet/relativ frekvens,hyppigheit/relativ frekvens,relative frequency,
høyreadjungert funktor,høgreadjungert funktor,right adjoint functor,
høyreadjungert,høgreadjungert,right adjoint,
høyreartinsk,høgreartinsk,right Artinian,
høyreeksakt,høgreeksakt,right exact,
høyreideal,høgreideal,right ideal,
høyreinverterbar,høgreinverterbar,right invertible,
høyrekoherent,høgrekoherent,right coherent,
høyremodul,høgremodul,right module,
høyrenoethersk,høgrenoethersk,right Noetherian,
ideal,ideal,ideal,
idealgruppe,idealgruppe,group of fractional ideals,
idealklassegruppe,idealklassegruppe,ideal class group,
idempotent,idempotent,idempotent,
identifisere,identifisere,identify,
identitet,identitet,identity,
identitetselement,identitetselement,identity element,
identitetsmatrise,identitetsmatrise,identity matrix,
ikke-dekomponerbar,ikkje-dekomponerbar,indecomposable,
ikke-euklidsk,ikkje-euklidsk,non-Euclidean,
ikke-isomorf,ikkje-isomorf,non-isomorphic,
ikke-lineær,ikkje-lineær,nonlinear,
ikke-negativ,ikkje-negativ,non-negative,
ikke-normal,ikkje-normal,nonnormal,
ikke-null,ikkje-null,non-zero,
ikke-nullelement,ikkje-nullelement,non-zero element,
ikke-parametrisk statistikk,ikkje-parametrisk statistikk,nonparametric statistics,
ikke-sammenliknbar/inkommensurabel,ikkje-samanliknbar/inkommensurabel,incommensurable,
ikke-tom,ikkje-tom,non-empty,
ikke-triviell,ikkje-triviell,non-trivial,
ikke-økende,ikkje-aukande,nonincreasing,
ikosaeder,ikosaeder,icosahedron,
imaginær enhet,imaginær eining,imaginary unit,
imaginær,imaginær,imaginary,
imaginært tall,imaginært tal,imaginary number,
imbedding,imbedding,embedding,
immersjon,immersjon,immersion,
implikasjon,implikasjon,implication,
indre,indre,interior,
indreprodukt,indreprodukt,inner product,
induksjon,induksjon,induction,
induktiv,induktiv,inductive,
indusert,indusert,induced,
inferens,inferens,inference,
infimum,infimum,infimum,
infinitesimal,infinitesimal,infinitesimal,
initialbetingelse/startbetingelse,initialvilkår/startvilkår,initial condition,
initialverdi/startverdi,initialverdi/startverdi,initial value,
initialverdiproblem/startverdiproblem,initialverdiproblem/startverdiproblem,initial value problem,
injeksjon,injeksjon,injection,
injektiv dimensjon,injektiv dimensjon,injective dimension,
injektiv modul,injektiv modul,injective module,
injektiv oppløsning,injektiv oppløysing,injective resolution,
injektiv,injektiv,injective,"Synonym: én-til-én"
injektivt objekt,injektivt objekt,injective object,
inklusjon,inklusjon,inclusion,
inklusjonsavbildning,inklusjonsavbilding,inclusion map,
inkonsistent likningssystem,inkonsistent likningssystem,inconsistent system of equations,
innbyrdes primisk/relativt primisk,innbyrdes primisk/relativt primisk,relatively prime,
innsenter,innsenter,incentre,
innsirkel,innsirkel,incircle,
innskrevet sirkel,innskriven sirkel,inscribed circle,
integralkurve,integralkurve,integral curve,
integrallikning,integrallikning,integral equation,
integraltransformasjon,integraltransformasjon,integral transform,
integrasjon,integrasjon,integration,
integrerbar,integrerbar,integrable,
integrere,integrere,integrate,
interferens,interferens,interference,
intervall,intervall,interval,
invarians,invarians,invariance,
invariant,invariant,invariant,
invers grense,invers grense,inverse limit,
invers,invers,inverse,
inversbilde,inversbilete,inverse image,
inversfunksjon,inversfunksjon,inverse function,
inverst system,inverst system,inverse system,
inverstransformasjon,inverstransformasjon,inverse transform,
inverterbar,inverterbar,invertible,
inverterbart ideal,inverterbart ideal,invertible ideal,
irrasjonalt tall,irrasjonalt tal,irrational number,
irredusibel,irredusibel,irreducible,
irredusibelt element,irredusibelt element,irreducible element,
irredusibelt ideal,irredusibelt ideal,irreducible ideal,
irredusibelt polynom,irredusibelt polynom,irreducible polynomial,
irreversibel prosess,irreversibel prosess,irreversible process,
isolert assosiert primideal,isolert assosiert primideal,isolated associated prime,
isometri,isometri,isometry,
isomorf,isomorf,isomorphic,
isomorfi,isomorfi,isomorphism,
isomorfiklasse,isomorfiklasse,isomorphism class,
iterasjon,iterasjon,iteration,
jacobideterminant,jacobideterminant,Jacobian determinant,"Jacobideterminant kalles ofte bare <i>Jacobian</i> på engelsk."
jacobimatrise,jacobimatrise,Jacobian matrix,"Jacobimatrise kalles ofte bare <i>Jacobian</i> på engelsk."
jacobsonradikal,jacobsonradikal,Jacobson radical,
Jordan-Hölder-teoremet,Jordan-Hölder-teoremet,Jordan-Hölder theorem,
jordanblokk,jordanblokk,Jordan block,
jordankjede,jordankjede,Jordan chain,
kalkulus,kalkulus,calculus,
kanonisk,kanonisk,canonical,
kant,kant,edge,
kaosteori,kaosteori,chaos theory,
karakteristisk likning,karakteristisk likning,characteristic equation,
karakteristisk polynom,karakteristisk polynom,characteristic polynomial,
kardinalitet,kardinalitet,cardinality,
kart,kart,chart,
kartesisk koordinatsystem,kartesisk koordinatsystem,Cartesian coordinate system,
kartesiske koordinater,kartesiske koordinatar,Cartesian coordinates,
katastrofeteori,katastrofeteori,catastrophe theory,
kategori,kategori,category,
khikvadrat,khikvadrat,chi-squared,
khikvadratfordeling,khikvadratfordeling,chi-squared distribution,
kime,kime,germ,
kinesisk restteorem,kinesisk restteorem,Chinese remainder theorem,
kjede,kjede,chain,
kjedebetingelse,kjedevilkår,chain condition,
kjedebrøk,kjedebrøk,continued fraction,
kjedekompleks,kjedekompleks,chain complex,
kjegle,kjegle,cone,
kjeglesnitt,kjeglesnitt,conic section,
kjerne,kjerne,kernel,
kjerneregelen,kjerneregelen,chain rule,
kji-kvadrat,kji-kvadrat,chi-squared,
kjikvadratfordeling,kjikvadratfordeling,chi-squared distribution,
klasseintervall,klasseintervall,class interval,
klasseskille,klasseskilje,class boundary,"Oversettelsen gjelder bruk i statistikk, og utelukker ikke at termen kan benyttes ulikt i andre sammenhenger."
klassetall,klassetal,class number,
Kleins firergruppe,Kleins firergruppe,Klein four-group,
kobilde,kobilete,coimage,
koblet hastighet,kopla hastigheit,related rate,
kodimensjon,kodimensjon,codimension,
kodomene,kodomene,codomain,
koeffisient,koeffisient,coefficient,
koeffisientmatrise,koeffisientmatrise,coefficient matrix,
koenhet,koeining,counit,
kofaktor,kofaktor,cofactor,
kofaktormatrise,kofaktormatrise,cofactor matrix/matrix of cofactors,
kofaktorutvikling,kofaktorutvikling,cofactor expansion,
kogger,kogger,quiver,
kogrense,kogrense,colimit,
koherent,koherent,coherent,
kohomologi,kohomologi,cohomology,
kohomologigruppe,kohomologigruppe,cohomology group,
kokjerne,kokjerne,cokernel,
kolineær/kollineær,kolineær/kollineær,colinear/collinear,"Begge skrivemåtene brukes på norsk, men kolineær anbefales."
kolmogorovrom,kolmogorovrom,Kolmogorov space,
kolonne/søyle,kolonne/søyle,column,
kolonnerom/søylerom,kolonnerom/søylerom,column space,
kolonnevektor/søylevektor,kolonnevektor/søylevektor,column vector,
kombinatorikk,kombinatorikk,combinatorics,
kombinatorisk,kombinatorisk,combinatorial,
kommensurabel/sammenliknbar,kommensurabel/samanliknbar,commensurable,
kommutativ ring,kommutativ ring,commutative ring,
kommutativ,kommutativ,commutative,
kommuterende diagram,kommuterande diagram,commutative diagram,
kompakt,kompakt,compact,
kompakt-åpen-topologi,kompakt-open-topologi,compact-open topology,
kompaktgenerert,kompaktgenerert,compactly generated,
kompakthet,kompaktheit,compactness,
kompaktifisering,kompaktifisering,compactification,
kompleks,kompleks,complex,
komplekskonjugert,komplekskonjugert,complex conjugate,
komplekst plan,komplekst plan,complex plane,
komplekst tall,komplekst tal,complex number,
komplement,komplement,complement,
komplementvinkel,komplementvinkel,complementary angle,"Komplementvinkler kan også omtales som komplementære vinkler."
komplementær,komplementær,complementary,
komplett snitt,komplett snitt,complete intersection,
komplett,komplett,complete,
komplettering,komplettering,completion,
kompletthet,komplettheit,completeness,
komponent,komponent,component,
komposisjon/sammensetning,komposisjon/samansetting,composition,
komposisjonsfaktor,komposisjonsfaktor,composition factor,
komposisjonsrekke,komposisjonsrekkje,composition series,
konfidens,konfidens,confidence,"Oversettelsen gjelder bruk i statistikk, og utelukker ikke at termen kan benyttes ulikt i andre sammenhenger."
konfidensintervall,konfidensintervall,confidence interval,
konfidensnivå,konfidensnivå,confidence level,
kongruens,kongruens,congruence,
kongruensrelasjon,kongruensrelasjon,congruence relation,
kongruent,kongruent,congruent,
konjugere,konjugere,conjugate,"Ordklasse: verb"
konjugert,konjugert,conjugate,"Ordklasse: adjektiv"
konjunksjon,konjunksjon,conjunction,
konnektiv,konnektiv,connective,
konsistent likningssystem,konsistent likningssystem,consistent system of equations,
kontingenstabell,kontingenstabell,contingency table,
kontinuerlig,kontinuerleg,continuous,
kontinuitet,kontinuitet,continuity,
kontinuitetskorreksjon,kontinuitetskorreksjon,continuity correction,
kontinuum,kontinuum,continuum,
kontravariant funktor,kontravariant funktor,contravariant functor,
konveks,konveks,convex,
konveksitet,konveksitet,convexity,
konvergens,konvergens,convergence,
konvergent,konvergent,convergent,
konvergere,konvergere,converge,
koordinatfunksjon,koordinatfunksjon,coordinate function,
koprodukt,koprodukt,coproduct,
korde,korde,chord,
korestriksjon,korestriksjon,corestriction,
korollar,korollar,corollary,
korrelasjon,korrelasjon,correlation,
korrelasjonskoeffisient,korrelasjonskoeffisient,correlation coefficient,
korrelert,korrelert,correlated,
korteksakt følge,korteksakt følgje,short exact sequence,
koszulkompleks,koszulkompleks,Koszul complex,
kovarians,kovarians,covariance,
kovariant funktor,kovariant funktor,covariant functor,
kritisk verdi,kritisk verdi,critical value,
kropp,kropp,field,"Merk at oversettelsen av <i>field</i> er avhengig av kontekst. En kropp er en kommutativ ring der ethvert ikke-nullelement har en multiplikativ invers. For eksempel utgjør de reelle tall en kropp."
kroppsutvidelse,kroppsutviding,field extension,
Krull-Remak-Schmidt-teoremet,Krull-Remak-Schmidt-teoremet,Krull-Remak-Schmidt theorem,
krulldimensjon,krulldimensjon,Krull dimension,
krumning,krumming,curvature,
kryssprodukt,kryssprodukt,cross product/vector product,
kube,kube,cube,
kubisk,kubisk,cubic,
kumulativ fordeling,kumulativ fordeling,cumulative distribution,
kumulativ fordelingsfunksjon,kumulativ fordelingsfunksjon,cumulative distribution function,
kumulativ frekvens,kumulativ frekvens,cumulative frequency,
kumulativ,kumulativ,cumulative,
kurtose,kurtose,kurtosis,
kurtosekoeffisient,kurtosekoeffisient,coefficient of kurtosis,
kurvetilpasning/regresjonsanalyse,kurvetilpassing/regresjonsanalyse,regression analysis,
kurvilineær modell/kurvlineær modell,kurvilineær modell/kurvlineær modell,curvilinear model,
kvadrat,kvadrat,square,
kvadratisk form,kvadratisk form,quadratic form,
kvadratisk matrise,kvadratisk matrise,square matrix,
kvadratrot,kvadratrot,square root,
kvadratsum,kvadratsum,sum of squares,
kvantor,kvantor,quantifier,
kvartil,kvartil,quartile,
kvartilbredde,kvartilbreidd,fourth spread,
kvasiisomorfi,kvasiisomorfi,quasi-isomorphism,
kvasiregulær,kvasiregulær,quasiregular,
kvoteutvalg,kvoteutval,quota sample,
kvotient,kvotient,quotient,
kvotientavbildning,kvotientavbilding,quotient map,
kvotientgruppe,kvotientgruppe,quotient group,
kvotientmodul,kvotientmodul,quotient module,
kvotientring,kvotientring,quotient ring,
kvotientrom,kvotientrom,quotient space,
køteori,køteori,queuing theory,
laplacetransformasjon,laplacetransformasjon,Laplace transform,
lebesgueintegral,lebesgueintegral,Lebesgue integral,
lebesgueintegrasjon,lebesgueintegrasjon,Lebesgue integration,
lemma,lemma,lemma,
lengde,lengd,length,
leptokurtisk,leptokurtisk,leptokurtic,
liealgebra,liealgebra,Lie algebra,
liegruppe,liegruppe,Lie group,
lieteori,lieteori,Lie theory,
likebeint trekant,likebeina trekant,isosceles triangle,
likesidet trekant,likesida trekant,equilateral triangle,
likhet,likskap,equality,
likhetstegn,likskapsteikn,equality sign,
likning,likning,equation,
likningssystem,likningssystem,system of equations,
linearisere,linearisere,linearize,
linearisering,linearisering,linearization,
lineær form,lineær form,linear form,
lineær modell,lineær modell,linear model,
lineær regresjon,lineær regresjon,linear regression,
lineær,lineær,linear,
lineæravbildning,lineæravbilding,linear map,
lineærkombinasjon,lineærkombinasjon,linear combination,
lineæroperator,lineæroperator,linear operator,
lineærtransformasjon,lineærtransformasjon,linear transformation,
linjalpostulatet,linjalpostulatet,ruler postulate,
linje,linje,line,
liten kategori,liten kategori,small category,
liten undermodul,liten undermodul,small submodule,
log-normal,log-normal,lognormal,
logaritme,logaritme,logarithm,
logaritmisk regresjon,logaritmisk regresjon,logarithmic regression,
logaritmisk vekst,logaritmisk vekst,logarithmic growth,
logikk,logikk,logic,
logistisk funksjon,logistisk funksjon,logistic function,
logistisk kurve,logistisk kurve,logistic curve,
logistisk regresjon,logistisk regresjon,logistic regression,
lokal egenskap,lokal eigenskap,local property,
lokal homeomorfi,lokal homeomorfi,local homeomorphism,
lokal ring,lokal ring,local ring,
lokalisering,lokalisering,localization,
lokalkompakt,lokalkompakt,locally compact,
lokalt enkeltsammenhengende,lokalt enkeltsamanhengande,locally simply connected,
lokalt sammenhengende,lokalt samanhengande,locally connected,
lokalt veisammenhengende,lokalt vegsamanhengande,locally path connected,
lukket avbildning,lukka avbilding,closed map,
lukket under utvidelser,lukka under utvidingar,closed under extensions,
lukket,lukka,closed,
løkke,lykkje,loop,
maksimal undergruppe,maksimal undergruppe,maximal subgroup,
maksimal undermodul,maksimal undermodul,maximal submodule,
maksimalspekter,maksimalspekter,maximal spectrum,
maksimalt ideal,maksimalt ideal,maximal ideal,
maksimum,maksimum,maximum,
mangekant/polygon,mangekant/polygon,polygon,
marginal sannsynlighetstetthet,marginal sannsynstettleik,marginal probability density,
marginal,marginal,marginal,
markovegenskapen,markoveigenskapen,Markov property,
markovkjede,markovkjede,Markov chain,
markovprosess,markovprosess,Markov process,
matrise,matrise,matrix,
matrise/tabell,matrise/tabell,array,
matriselikning,matriselikning,matrix equation,
matriserepresentasjon,matriserepresentasjon,matrix representation,
matrisering,matrisering,matrix ring,
median,median,median,
mengde,mengd,set,
mengdefunksjon,mengdefunksjon,set function,
mengdelære,mengdelære,set theory,
meromorf,meromorf,meromorphic,
metamatematikk,metamatematikk,metamathematics,
metrikk,metrikk,metric,"Ordklasse: substantiv"
metriserbar,metriserbar,metrizable,
metrisk rom,metrisk rom,metric space,
metrisk,metrisk,metric,"Ordklasse: adjektiv"
mettet,metta,saturated,
middelkvadrat,middelkvadrat,mean square,
middelverdisetningen/sekantsetningen,middelverdisetninga/sekantsetninga,mean value theorem,
midtnormal,midtnormal,perpendicular bisector,
midtpunkt,midtpunkt,midrange,"Oversettelsen gjelder bruk i statistikk, og utelukker ikke at termen kan benyttes ulikt i andre sammenhenger."
minimal primærdekomposisjon,minimal primærdekomposisjon,minimal primary decomposition,
minimalpolynom,minimalpolynom,minimal polynomial,
minimalt ideal,minimalt ideal,minimal ideal,
minimalt primideal,minimalt primideal,minimal prime ideal,
minimum,minimum,minimum,
minimumvariansestimator,minimumvariansestimator,minimum variance estimator,
minor,minor,minor,
minste felles multiplum,minste felles multiplum,least common multiple,
minste kvadraters metode,minste kvadrats metode,method of least squares,
minste øvre skranke,minste øvre skranke,least upper bound,
modalverdi/typetall,modalverdi/typetal,mode,"Oversettelsen gjelder bruk i statistikk, og utelukker ikke at termen kan benyttes ulikt i andre sammenhenger. Typetall (bokmål) og typetal (nynorsk) anbefales."
modelltest/tilpasningstest,modelltest/tilpassingstest,goodness of fit test,
modul,modul,module,
modulhomomorfi,modulhomomorfi,module homomorphism,
modulus,modulus,modulus,
modulær form,modulær form,modular form,
modulær gruppering,modulær gruppering,modular group ring,
moment,moment,moment,"Legg merke til at denne oversettelsen gjelder innen statistikk. I fysikk kan <i>moment</i> referere til det som på norsk kalles bevegelsesmengde (bokmål) og rørslemengd (nynorsk)."
momentgenererende funksjon,momentgenererande funksjon,moment generating function,
momentmetoden,momentmetoden,method of moments,
monisk polynom,monisk polynom,monic polynomial,
monisk,monisk,monic,
monoide,monoide,monoid,
monomorfi,monomorfi,monomorphism,
monoton,monoton,monotone,
moritaekvivalens,moritaekvivalens,Morita equivalence,
motsatt kategori,motsett kategori,opposite category,
motsigelse,motseiing,contradiction,
multinomisk fordeling,multinomisk fordeling,multinomial distribution,
multinomisk koeffisient,multinomisk koeffisient,multinomial coefficient,
multiplikasjonsregel,multiplikasjonsregel,multiplication rule,
multiplikativ delmengde,multiplikativ delmengd,multiplicative subset,
multiplikativt identitetselement,multiplikativt identitetselement,multiplicative identity element,
multiplikativt lukket delmengde,multiplikativt lukka delmengd,multiplicatively closed subset,
multiplikativt system,multiplikativt system,multiplicative system,
multiplisitet,multiplisitet,multiplicity,
multippel lineær regresjon,multippel lineær regresjon,multiple linear regression,
multippelt integral,multippelt integral,multiple integral,
multivariat fordeling,multivariat fordeling,multivariate distribution,
mål,mål,measure,
nabovinkler,nabovinklar,linear pair,
Nakayamas lemma,Nakayamas lemma,Nakayama's lemma,
naturlig isomorfi,naturleg isomorfi,natural isomorphism,
naturlig logaritme,naturleg logaritme,natural logarithm,
naturlig tall,naturleg tal,natural number,
naturlig transformasjon,naturleg transformasjon,natural transformation,
nedre grense,nedre grense,inferior limit/lower limit,
nedre skranke,nedre skranke,lower bound,
negasjon,negasjon,negation,
negativ binomialfordeling,negativ binomialfordeling,negative binomial distribution,
negativt bestemt,negativt bestemd,negative definite,
nevner,nemnar,denominator,
nilpotent,nilpotent,nilpotent,
nilradikal,nilradikal,nilradical,
nivåflate,nivåflate,level surface,
nivåmengde,nivåmengd,level set,
node,node,vertex,
noethersk modul,noethersk modul,Noetherian module,
noethersk ring,noethersk ring,Noetherian ring,
noethersk,noethersk,Noetherian,
norm,norm,norm,
normal matrise,normal matrise,normal matrix,
normal,normal,normal/perpendicular,
normalfordeling,normalfordeling,normal distribution,
normalitetsantakelse,normalitetsantaking,normality assumption,
normalplan,normalplan,normal plane,
normalt rom,normalt rom,normal space,
normaltilnærming,normaltilnærming,normal approximation,
normalvektor,normalvektor,normal vector,
normert,normert,normed,
nulldivisor,nulldivisor,zero divisor,
nullhypotese,nullhypotese,null hypothesis,
nullitet,nullitet,nullity,
nullmatrise,nullmatrise,zero matrix,
nullmengde,nullmengd,null set,
nullmodul,nullmodul,zero module,
nullobjekt,nullobjekt,zero object,
nullrom,nullrom,null space,"I mange tilfeller kan termene nullrom og kjerne brukes synonymt. Hva som er vanlig ordvalg, avhenger av kontekst."
nullvektor,nullvektor,zero vector,
numerisk,numerisk,numerical,
ny prøvetaking,ny prøvetaking,resampling,
observator,observator,statistic,"Oversettelsen gjelder bruk i statistikk, og utelukker ikke at termen kan benyttes ulikt i andre sammenhenger."
odde funksjon,odde funksjon,odd function,
odde,odde,odd,
odds,odds,odds,
ODE,ODE,ODE,"ODE er en forkortelse for ordinær differensiallikning, og stammer fra <i>ordinary differential equation</i>."
oktaeder,oktaeder,octahedron,
oktaederaksiomet,oktaederaksiomet,octahedral axiom,
oktant,oktant,octant,
omegn,omegn,neighbourhood,
omsenter,omsenter,circumcentre,
omsirkel,omsirkel,circumcircle,
omskrevet sirkel,omskriven sirkel,circumscribed circle,
operator,operator,operator,
opphopningspunkt,opphopingspunkt,accumulation point,
ordinat,ordinat,ordinate,
ordinær differensiallikning,ordinær differensiallikning,ordinary differential equation,"Ordinær differensiallikning forkortes ofte til ODE."
ordnet følge,ordna følgje,ordered sequence,
ordnet par,ordna par,ordered pair,
orebetingelsen,orevilkåret,Ore condition,
orienterbar,orienterbar,orientable,
orienterbarhet,orienterbarheit,orientability,
orientering,orientering,orientation,
orientert,orientert,oriented,
origo,origo,origin,
ortogonal idempotent,ortogonal idempotent,orthogonal idempotent,
ortogonal/vinkelrett,ortogonal/vinkelrett,orthogonal,
ortonormal,ortonormal,orthonormal,
oskulerende plan/smygplan,oskulerande plan/smygplan,osculating plane,
overbestemt likningssystem,overbestemt likningssystem,overdetermined system of equations,
overdekning,overdekking,cover/covering,
overdekningsavbildning,overdekkingsavbilding,covering map,
overdekningsrom,overdekkingsrom,covering space,
overdekningstransformasjon,overdekkingstransformasjon,deck transformation/covering transformation,
overdiagonal,overdiagonal,superdiagonal,
p-adisk heltall,p-adisk heiltal,p-adic integer,
p-adisk topologi,p-adisk topologi,p-adic topology,
p-gruppe,p-gruppe,p-group,
p-primært ideal,p-primært ideal,p-primary ideal,
p-verdi,p-verdi,p-value,
par,par,pair,
parabel,parabel,parabola,
paraboloide,paraboloide,paraboloid,
parabolsk,parabolsk,parabolic,
parakompakt,parakompakt,paracompact,
parallell,parallell,parallel,
parallellepiped,parallellepiped,parallelepiped,
parallellforskyvning,parallellforskyving,translation,
parallellogram,parallellogram,parallelogram,
parameter,parameter,parameter,
parametrisere,parametrisere,parameterize,
parametrisert,parametrisert,parametric,
paretofordeling,paretofordeling,Pareto distribution,
partall,partal,even number,"Partall kan også omtales som like tall (bokmål) og like tal (nynorsk)."
partiell differensiallikning,partiell differensiallikning,partial differential equation,"Partiell differensiallikning forkortes ofte til PDE."
partiellderivert,partiellderivert,partial derivative,
partisjon,partisjon,partition,
partisjonert utvalgsrom,partisjonert utvalsrom,partitioned sample space,
partisjonsfunksjon,partisjonsfunksjon,partition function,
parvis sammenlikning,parvis samanlikning,paired comparison,
PDE,PDE,PDE,"PDE er en forkortelse for partiell differensiallikning, og stammer fra <i>partial differential equation</i>."
per antakelse,per antaking,by assumption,
per definisjon,per definisjon,by definition,
periferivinkel,periferivinkel,inscribed angle,
periodisk funksjon,periodisk funksjon,periodic function,
permutasjon,permutasjon,permutation,
permutasjonsmatrise,permutasjonsmatrise,permutation matrix,
permutere,permutere,permute,
PID,PID,PID,"PID er en forkortelse for hovedidealområde (bokmål) og hovudidealområde (nynorsk), og stammer fra <i>principal ideal domain</i>."
pil,pil,arrow,
pivotelement,pivotelement,pivot element,"Forstavelsen pivot uttales [pivå:’]."
pivotkolonne/pivotsøyle,pivotkolonne/pivotsøyle,pivot column/pivotal column,"Forstavelsen pivot uttales [pivå:’]."
pivotrad,pivotrad,pivot row/pivotal row,"Forstavelsen pivot uttales [pivå:’]."
plan,plan,plane,
planseparasjonspostulatet,planseparasjonspostulatet,plane seperation postulate,
platykurtisk,platykurtisk,platykurtic,
poincarérekke,poincarérekkje,Poincaré series,
poissonfordeling,poissonfordeling,Poisson distribution,
poissonprosess,poissonprosess,Poisson process,
pol,pol,pole,
polarform,polarform,polar form,
polarkoordinater,polarkoordinatar,polar coordinates,
polyeder,polyeder,polyhedron,
polynom,polynom,polynomial,
polynomiell vekst,polynomiell vekst,polynomial growth,
polynomring,polynomring,polynomial ring,
pomengde,pomengd,poset,"Pomengde er en forkortelse for delvis ordnet mengde (bokmål) og delvis ordna mengd (nynorsk), og stammer fra <i>partially ordered set</i>."
populasjon,populasjon,population,
positivt bestemt,positivt bestemd,positive definite,
potens,potens,power,
potensfunksjon,potensfunksjon,power function,
potensial,potensial,potential,
potenskurve,potenskurve,power curve,
potensmengde,potensmengd,power set,
potensmodell,potensmodell,power model,
potensrekke,potensrekkje,power series,
potensrekkering,potensrekkjering,ring of formal power series,
preabelsk kategori,preabelsk kategori,preabelian category,
preadditiv kategori,preadditiv kategori,preadditive category,
predikatlogikk,predikatlogikk,predicate logic,
prediksjon,prediksjon,prediction,
prediksjonsintervall,prediksjonsintervall,prediction interval,
preknippe,preknippe,presheaf,
prekompakt,prekompakt,precompact,
prikkprodukt,prikkprodukt,dot product,
primelement,primelement,prime element,
primideal,primideal,prime ideal,
primitiv idempotent,primitiv idempotent,primitive idempotent,
primspekter,primspekter,prime spectrum,
primtall,primtal,prime/prime number,
primtallspotens,primtalspotens,prime power,
primtallssatsen/primtallsteoremet,primtalssatsen/primtalsteoremet,prime number theorem,
primærdekomposisjon,primærdekomposisjon,primary decomposition,
primært ideal,primært ideal,primary ideal,
prinsipalverdi,prinsipalverdi,principal value,
produkt,produkt,product,
produkttopologi,produkttopologi,product topology,
prognose,prognose,forecast,
projeksjon,projeksjon,projection,
projeksjonsavbildning,projeksjonsavbilding,projection map,
projektiv dimensjon,projektiv dimensjon,projective dimension,
projektiv modul,projektiv modul,projective module,
projektiv oppløsning,projektiv oppløysing,projective resolution,
projektiv varietet,projektiv varietet,projective variety,
projektiv,projektiv,projective,
projektivisering,projektivisering,projectivization,
projektivt dekke,projektivt dekke,projective cover,
projektivt objekt,projektivt objekt,projective object,
projektivt rom,projektivt rom,projective space,
projisere,projisere,project,
proporsjon,proporsjon,proportion,
proposisjon/utsagn,proposisjon/utsegn,proposition,
prosentil,prosentil,percentile,"Både persentil og percentil forekommer også i bruk på norsk, men prosentil anbefales."
prosentilskjema,prosentilskjema,percentile graph,"Både persentilskjema og percentilskjema forekommer også i bruk på norsk, men prosentilskjema anbefales."
prøvetakingsfordeling,prøvetakingsfordeling,sampling distribution,
pseudoinvers,pseudoinvers,pseudoinverse,
punkt,punkt,point,
punktestimering,punktestimering,point estimation,
punktkonstruksjonspostulatet,punktkonstruksjonspostulatet,point construction postulate,
punktplott,punktplott,dot plot,
punktvis,punktvis,pointwise,
på,på,onto,"Synonym: surjektiv"
pålitelighet,pålitelegheit,reliability,
rad,rad,row,
radekvivalent matrise,radekvivalent matrise,row equivalent matrix,
radian,radian,radian,
radiell,radiell,radial,
radikal,radikal,radical,
radikand,radikand,radicand,
radius,radius,radius,
radoperasjon,radoperasjon,row operation,
radredusering,radredusering,row reduction,
radrom,radrom,row space,
radvektor,radvektor,row vector,
rand,rand,boundary,
randbetingelse,randvilkår,boundary condition,
randhomomorfi,randhomomorfi,boundary homomorphism,
randoperator,randoperator,boundary operator,
randverdi,randverdi,boundary value,
rang,rang,rank,
rasjonal funksjon,rasjonal funksjon,rational function,
rasjonalt tall,rasjonalt tal,rational number,
rask fouriertransformasjon,rask fouriertransformasjon,fast Fourier transform,
realdel,realdel,real part,
reduktiv algebraisk gruppe,reduktiv algebraisk gruppe,reductive algebraic group,
reduktiv liealgebra,reduktiv liealgebra,reductive Lie algebra,
reduktiv liegruppe,reduktiv liegruppe,reductive Lie group,
reduktivt gruppeskjema,reduktivt gruppeskjema,reductive group scheme,
redusert ring,redusert ring,reduced ring,
redusert trappeform,redusert trappeform,reduced row echelon form,
reell,reell,real,
reelt tall,reelt tal,real number,
refleksiv,refleksiv,reflexive,
reflektert brownsk bevegelse,reflektert brownsk rørsle, reflected Brownian motion,
regresjon,regresjon,regression,
regulær ring,regulær ring,regular ring,
regulært rom,regulært rom,regular space,
rekke,rekkje,series,
rekkevidde,rekkjevidde,range,
rekurrens,rekurrens,recurrence,
rekurrensrelasjon,rekurrensrelasjon,recurrence relation,
rekursiv,rekursiv,recursive,
rekursjon,rekursjon,recursion,
rekursjonsteori,rekursjonsteori,recursion theory,
relasjon,relasjon,relation,
renormalisering,renormalisering,renormalization,
representasjon,representasjon,representation,
representasjonstype,representasjonstype,representation type,
representativt utvalg,representativt utval,representative sample,
residualplott,residualplott,residual plot,
restklasse,restklasse,coset,
restriksjon,restriksjon,restriction,
retningsderivert,retningsderivert,directional derivative,
retraksjon,retraksjon,retraction,
retrakt,retrakt,retract,
rett vinkel,rett vinkel,right angle,
rettet mengde,retta mengd,directed set,
reversibel prosess,reversibel prosess,reversible process,
Riemann-hypotesen,Riemann-hypotesen,Riemann hypothesis,
riemannhypotesen,riemannhypotesen,Riemann hypothesis,
riemannintegral,riemannintegral,Riemann integral,
riemannintegrasjon,riemannintegrasjon,Riemann integration,
ring,ring,ring,
ringen av gaussiske heltall,ringen av gaussiske heiltal,ring of Gaussian integers,
ringhomomorfi,ringhomomorfi,ring homomorphism,
risikofunksjon,risikofunksjon,risk function,
robust,robust,robust,
rom,rom,space,
rot,rot,root,
rotasjon,rotasjon,curl,"Curl brukes også på norsk, men rotasjon anbefales."
rotasjon,rotasjon,rotation,
rottesten,rottesten,root test,
sadelpunkt/salpunkt,salpunkt,saddle point,"Begge skrivemåtene brukes på bokmål, men salpunkt anbefales."
samling,samling,collection,
sammenføyningshomomorfi,samanføyingshomomorfi,connecting homomorphism,
sammenhengende,samanhengande,connected,
sammenhengskomponent,samanhengskomponent,connected component,
sammensatt funksjon,samansett funksjon,composite function,
sammensatt tall,samansett tal,composite number,
sammenslått,samanslege,pooled,"Oversettelsen gjelder bruk i statistikk, og utelukker ikke at termen kan benyttes ulikt i andre sammenhenger."
sammentrekkbar,samantrekkbar,contractible,
samspill,samspel,interaction,
samtidig/simultan,samtidig/simultan,simultaneous,
sann,sann,true,
sannhetstabell,sanningstabell,truth table,
sannsynlighet,sannsyn,likelihood,
sannsynlighet,sannsyn,probability,
sannsynlighetsfordeling,sannsynsfordeling,probability distribution,
sannsynlighetsmaksimeringsestimat,sannsynsmaksimeringsestimat,maximum likelihood estimate,
sannsynlighetsmaksimeringsestimator,sannsynsmaksimeringsestimator,maximum likelihood estimator,
sannsynlighetsteori,sannsynsteori,probability theory,
sannsynlighetstetthet,sannsynstettleik,probability density function,
Schurs lemma,Schurs lemma,Schur's lemma,
seksjon,seksjon,section,
selvadjungert,sjølvadjungert,self-adjoint,
semigruppe,semigruppe,semigroup,
semilokal ring,semilokal ring,semi-local ring,
semilokalt enkeltsammenhengende,semilokalt enkeltsamanhengande,semilocally simply connected,
seminegativt bestemt,seminegativt bestemd,negative semidefinite,
seminorm,seminorm,seminorm,
semipositivt bestemt,semipositivt bestemd,positive semidefinite,
semisimpel algebra,semisimpel algebra,semisimple algebra,
semisimpel modul,semisimpel modul,semisimple module,
semisimpel ring,semisimpel ring,semisimple ring,
semisimpel,semisimpel,semisimple,
sentral idempotent,sentral idempotent,central idempotent,
sentralgrenseteoremet,sentralgrenseteoremet,central limit theorem,
separabel utvidelse,separabel utviding,separable extension,
separabelt rom,separabelt rom,separable space,
separasjon,separasjon,separation,
sesquilineær form,sesquilineær form,sesquilinear form,
sfære,sfære,sphere,
signifikant,signifikant,significant,
simpel gruppe,simpel gruppe,simple group,
simpel modul,simpel modul,simple module,
simpel undergruppe,simpel undergruppe,simple subgroup,
simpel undermodul,simpel undermodul,simple submodule,
simpleks,simpleks,simplex,
simplisialkompleks,simplisialkompleks,simplicial complex,
simplisiell homologi,simplisiell homologi,simplicial homology,
simultanfordeling,simultanfordeling,joint distribution,
simultant kontinuerlig,simultant kontinuerleg,jointly continuous,
simultantetthet,simultantettleik,joint density,
singularitet,singularitet,singularity,
singulær homologi,singulær homologi,singular homology,
singulær,singulær,singular,
singulært kompleks,singulært kompleks,singular complex,
sinus,sinus,sine,
sinusfunksjon/sinuskurve,sinusfunksjon/sinuskurve,sinusoid,
sinusliknende,sinusliknande,sinusoidal,
sinusrekke,sinusrekkje,sine series,
sirkel,sirkel,circle,
sirkelring,sirkelring,annulus,
skalar,skalar,scalar,
skalarfelt,skalarfelt,scalar field,
skalarprodukt,skalarprodukt,scalar product,
skalering,skalering,scaling,
skaleringsegenskap,skaleringseigenskap,scaling property,
skedastisk,skedastisk,scedastic,
skjelett,skjelett,skeleton,
skjema,skjema,scheme,
skjev fordeling,skeiv fordeling,skewed distribution,
skjevhet,skeivskap,skewness,
skjevhetskoeffisient,skeivskapskoeffisient,coefficient of skewness,
skjevsymmetrisk matrise,skeivsymmetrisk matrise,skew-symmetric matrix,
skjæringspunkt,skjeringspunkt,intercept/point of intersection,
slangelemmaet,slangelemmaet,snake lemma,
smashprodukt,smashprodukt,smash product,
små talls lov,lova om små tal,law of small numbers,
snitt,snitt,intersection,
sokkel,sokkel,socle,
speiling,spegling,reflection,
spekter/spektrum,spekter/spektrum,spectrum,
spenn,spenn,span,"Ordklasse: substantiv"
spennmengde/utspenningsmengde,spennmengd/utspenningsmengd,spanning set,
spiss vinkel,spiss vinkel,acute angle,
splittepimorfi,splittepimorfi,split epimorphism,
splittmonomorfi,splittmonomorfi,split monomorphism,
spredning,spreiing,dispersion,
spredningsplott,spreiingsplott,scatter diagram,
standard gammafordeling,standard gammafordeling,standard gamma distribution,
standardavvik,standardavvik,standard deviation,
standardfeil,standardfeil,standard error,
stasjonært punkt,stasjonært punkt,stationary point,
statistikk,statistikk,statistics,
statistisk signifikant,statistisk signifikant,statistically significant,
stigningstall,stigingstal,slope,
stokastisk matrise,stokastisk matrise,stochastic matrix,
stokastisk prosess,stokastisk prosess,stochastic process,
stokastisk uavhengig,stokastisk uavhengig,stochastically independent,
stokastisk variabel,stokastisk variabel,stochastic variable,
stokastisk variabel/tilfeldig variabel,stokastisk variabel/tilfeldig variabel,random variable/stochastic variable,
stokastisk,stokastisk,stochastic,
store talls lov,lova om store tal,law of large numbers,
storsirkel,storsirkel,great circle,
streng ulikhet,streng ulikskap,strict inequality,
strengt avtagende,strengt minkande,strictly decreasing,
strengt voksende,strengt veksande,stricly increasing,
stråle,stråle,ray,
studentisert rekkevidde,studentisert rekkjevidde,studentized range,
Students t-fordeling,Students t-fordeling,Student's t-distribution,
Students t-forhold,Students t-forhold,Student's t-ratio,
stump vinkel,stump vinkel,obtuse angle,
stykkevis kontinuerlig,stykkevis kontinuerleg,piecewise continuous,
styrelinje,styrelinje,directrix,
største felles divisor,største felles divisor,greatest common divisor,"Synonym: største felles faktor"
største felles faktor,største felles faktor,greatest common factor,"Synonym: største felles divisor"
største nedre skranke,største nedre skranke,greatest lower bound,
støtte,støtte,support,
submersjon,submersjon,submersion,
substitusjon,substitusjon,substitution,
sum,sum,sum,
summering,summering,summation,
superposisjon,superposisjon,superposition,
supplementvinkel,supplementvinkel,supplementary angle,"Suplementvinkler kan også omtales som supplementære vinkler."
supremum,supremum,supremum,
surjeksjon,surjeksjon,surjection,
surjektiv,surjektiv,surjective,"Synonym: på"
surjektivt system,surjektivt system,surjective system,
suspensjon,suspensjon,suspension,
sykel,sykel,cycle,
sykloide,sykloide,cycloid,
sylinder,sylinder,cylinder,
sylinderkoordinater,sylinderkoordinatar,cylindrical coordinates,
sylow-p-undergruppe,sylow-p-undergruppe,Sylow p-subgroup,
sylowteorem,sylowteorem,Sylow theorem,
sylowteori,sylowteori,Sylow theory,
symmetrisk matrise,symmetrisk matrise,symmetric matrix,
symmetrisk,symmetrisk,symmetric,
syzygi,syzygi,syzygy,"Uttale: [sytsygi:´]"
t-test,t-test,t-test,
tak,tak,roof,
tall,tal,number,
tallinje,tallinje,real line,
tallkropp,talkropp,number field,
tallteori,talteori,number theory,
tangentplan,tangentplan,tangent plane,
tangentvektor,tangentvektor,tangent vector,
taylorpolynom,taylorpolynom,Taylor polynomial,
taylorrekke,taylorrekkje,Taylor series,
tegntest,teikntest,sign test,
tellbar,teljeleg,countable,
teller,teljar,numerator,
tensor,tensor,tensor,
tensorprodukt,tensorprodukt,tensor product,
teorem,teorem,theorem,
testobservator,testobservator,test statistic,
tetraeder,tetraeder,tetrahedron,
tett,tett,dense,
tetthetsfunksjon,tettleiksfunksjon,density function,
tilbakelegging,tilbakelegging,replacement,
tilfeldig feil,tilfeldig feil,random error,
tilfeldig utvalg,tilfeldig utval,random sample,
tillatelig ideal,tillateleg ideal,admissible ideal,
tillatelig relasjon,tillateleg relasjon,admissible relation,
tillukning,tillukking,closure,
tilnærmet normalfordeling,tilnærma normalfordeling,near normal distribution,
tilnærmet,tilnærma,approximately,
tilstøtende,tilstøytande,adjoining,
tom,tom,empty,
topologi,topologi,topology,
topologisk ekvivalent,topologisk ekvivalent,topologically equivalent,
topologisk gruppe,topologisk gruppe,topological group,
topologisk ring,topologisk ring,topological ring,
topologisk rom,topologisk rom,topological space,
topologisk vektorrom,topologisk vektorrom,topological vector space,
topologisk,topologisk,topological,
topp,topp,peak,"Oversettelsen gjelder bruk innen blant annet statistikk, og utelukker ikke at termen kan benyttes ulikt i andre sammenhenger."
topp,topp,top,
toppvinkel,toppvinkel,vertical angle,
torsjon,torsjon,torsion,
torsjonselement,torsjonselement,torsion element,
torsjonsfri,torsjonsfri,torsion-free,
torsjonsmodul,torsjonsmodul,torsion module,
torsjonsundermodul,torsjonsundermodul,torsion submodule,
torus,torus,torus,
tosidig ideal,tosidig ideal,two-sided ideal,
tosidig test,tosidig test,two-sided test,
tosidig,tosidig,two-sided,
total brøkring,total brøkring,total ring of fractions,
totalderivert funktor,totalderivert funktor,total derived functor,
totalkompleks,totalkompleks,total complex,
totalrom,totalrom,total space,
totalt begrenset,totalt avgrensa,totally bounded,
toutvalgstest,toutvalstest,two-sample test,
transendent funksjon,transendent funksjon,transcendental function,
transendent tall,transendent tal,transcendental number,
transitiv,transitiv,transitive,
transposisjon,transposisjon,transposition,
trapes,trapes,trapezium,
trappeform,trappeform,row echelon form,
trappefunksjon,trappefunksjon,step function,
trappematrise,trappematrise,matrix in row echelon form,
tredjegradspolynom,tredjegradspolynom,cubic polynomial,
tredjerot,tredjerot,cube root,
trekantulikhet,trekantulikskap,triangle inequality,
triagonaliserbar,triagonaliserbar,triagonalizable,
triagonalisere,triagonalisere,triagonalize,
triagonalisering,triagonalisering,triagonalization,
triangulert kategori,triangulert kategori,triangulated category,
trigonometri,trigonometri,trigonometry,
trigonometrisk,trigonometrisk,trigonometric,
trippel,trippel,triple,
trivialisering,trivialisering,trivialization,
triviell,triviell,trivial,
trofast funktor,trufast funktor,faithful functor,
trofast modul,trufast modul,faithful module,
trunkering,trunkering,truncation,
tuppel,tuppel,tuple,
tverrsnittstudie,tverrsnittstudie,cross sectional study,
type I-feil/forkastningsfeil,type I-feil/forkastingsfeil,error of first kind/false positive,"Begge oversettelsene brukes på norsk, men forkastningsfeil (bokmål) og forkastingsfeil (nynorsk) anbefales."
type II-feil/godtakingsfeil,type II-feil/godtakingsfeil,error of second kind/false negative,"Begge oversettelsene brukes på norsk, men godtakingsfeil anbefales."
uavgjørbar,uavgjerbar,undecidable,
uavhengig,uavhengig,independent,
uavhengighet,uavhengnad,independence,
ubestemt integral,ubestemt integral,indefinite integral,
ubestemt matrise,ubestemd matrise,indefinite matrix,
uegentlig integral/uekte integral,ueigentleg integral/uekte integral,improper integral,
uendeligdimensjonal,uendelegdimensjonal,infinite-dimensional,
uendeligdimensjonalt vektorrom,uendelegdimensjonalt vektorrom,infinite-dimensional vector space,
UFD,UFD,UFD,"UFD er en forkortelse for entydig faktoriseringsområde (bokmål) og eintydig faktoriseringsområde (nynorsk), og stammer fra <i>unique factorization domain</i>."
ulikhet,ulikskap,inequality,
ultrafilter,ultrafilter,ultrafilter,
underalgebra,underalgebra,subalgebra,
underbasis,underbasis,subbase,"De engelske termene <i>base</i> og <i>basis</i> brukes ikke helt synonymt. For eksempel vil <i>base</i> foretrekkes i topologi, mens <i>basis</i> brukes i lineær algebra. Merk at begge oversettes til basis på norsk."
underbasis,underbasis,subbasis,"De engelske termene <i>base</i> og <i>basis</i> brukes ikke helt synonymt. For eksempel vil <i>base</i> foretrekkes i topologi, mens <i>basis</i> brukes i lineær algebra. Merk at begge oversettes til basis på norsk."
underbestemt likningssystem,underbestemt likningssystem,underdetermined system of equations,
underbunt,underbunt,subbundle,
underdiagonal,underdiagonal,subdiagonal,
undergruppe,undergruppe,subgroup,
underkategori,underkategori,subcategory,
underkompleks,underkompleks,subcomplex,
underkropp,underkropp,subfield,
undermodul,undermodul,submodule,
underrepresentasjon,underrepresentasjon,subrepresentation,
underring,underring,subring,
underrom,underrom,subspace,
understokastisk matrise,understokastisk matrise,substochastic matrix,
understokastisk,understokastisk,substochastic,
uniform kontinuitet,uniform kontinuitet,uniform continuity,
uniform konvergens,uniform konvergens,uniform convergence,
uniformt kontinuerlig,uniformt kontinuerleg,uniformly continuous,
union,union,union,
unitær,unitær,unitary,
univariat fordeling,univariat fordeling,univariate distribution,
universalegenskap,universaleigenskap,universal property,
unær,unær,unary,
unæroperasjon,unæroperasjon,unary operation,
usammenhengende,usamanhengande,disconnected,
usann,usann,false,
utfall,utfall,outcome,
utfallsrom,utfallsrom,sample space,
utlede,utleie,derive,
utledning,utleiing,derivation,
utsagnslogikk,utsegnslogikk,propositional logic,
utspenne,utspenne,span,"Ordklasse: verb"
uttrykk,uttrykk,expression,
utvalg,utval,sample,
utvalgsaksiomet,utvalsaksiomet,axiom of choice,
utvalgsstørrelse,utvalsstorleik,sample size,
utvelging,utveljing,sampling,
utvidet matrise,utvida matrise,augmented matrix,
valuasjon,valuasjon,valuation,
valuasjonsring,valuasjonsring,valuation ring,
variabel,variabel,variable,
varians,varians,variance,
variansanalyse,variansanalyse,analysis of variance/variance analysis,"Variansanalyse forkortes ofte til ANOVA."
variasjonsbredde,variasjonsbreidd,range,"Oversettelsen gjelder bruk i statistikk, og utelukker ikke at termen kan benyttes ulikt i andre sammenhenger."
varietet,varietet,variety,
varmelikning,varmelikning,heat equation,
veialgebra,vegalgebra,path algebra,
veihomotop,veghomotop,path homotopic,
veihomotopi,veghomotopi,path homotopy,
veihomotopiklasse,veghomotopiklasse,path homotopy class,
veikomponent/veisammenhengskomponent,vegkomponent/vegsamanhengskomponent,path component,
veisammenhengende,vegsamanhengande,path connected,
vektor,vektor,vector,
vektorfelt,vektorfelt,vector field,
vektorrom,vektorrom,vector space,
veldefinert,veldefinert,well-defined,
velordning,velordning,well-ordering,
vendepunkt,vendepunkt,inflection point,
venndiagram,venndiagram,Venn diagram,
venstreadjungert funktor,venstreadjungert funktor,left adjoint functor,
venstreadjungert,venstreadjungert,left adjoint,
venstreartinsk,venstreartinsk,left Artinian,
venstreeksakt,venstreeksakt,left exact,
venstreideal,venstreideal,left ideal,
venstreinverterbar,venstreinverterbar,left invertible,
venstrekoherent,venstrekoherent,left coherent,
venstremodul,venstremodul,left module,
venstrenoethersk,venstrenoethersk,left Noetherian,
verdimengde,verdimengd,range,
vilkårlig,vilkårleg,arbitrary,
vinkel,vinkel,angle,
vinkelhalveringsstråle,vinkelhalveringsstråle,angle bisector,
virrevandring,virrevandring,random walk,
voksende,veksande,increasing,
wronskideterminant,wronskideterminant,Wronski determinant,"Wronskideterminant kalles ofte bare <i>Wronskian</i> på engelsk."
yonedaimbedding,yonedaimbedding,Yoneda embedding,
yonedalemmaet,yonedalemmaet,Yoneda lemma,
ytreprodukt,ytreprodukt,outer product,
zariskitopologi,zariskitopologi,Zariski topology,
Zorns lemma,Zorns lemma,Zorn's lemma,
øvre grense,øvre grense,superior limit/upper limit,
øvre skranke,øvre skranke,upper bound,
åpen avbildning,open avbilding,open map,
åpen overdekning,open overdekking,open cover/open covering,
åpen,open,open,
